Cod_Dep,count,mean,std,min,25%,50%,75%,max
A00,5.0,3404.166,907.6966882059227,2437.5,2437.5,3875.0,3875.0,4395.83
B01,1.0,3437.5,,3437.5,3437.5,3437.5,3437.5,3437.5
C01,4.0,2476.8725,507.3258622998963,1983.33,2272.08,2368.33,2573.1225,3187.5
D11,11.0,2095.6081818181815,366.9695806689754,1522.5,1816.25,2056.67,2399.17,2687.5
D21,7.0,2139.0485714285714,545.890747141116,1437.5,1723.33,2281.67,2396.67,3014.17
E01,1.0,3347.92,,3347.92,3347.92,3347.92,3347.92,3347.92
E11,6.0,1630.4166666666667,436.82557986760196,1278.33,1325.0,1402.085,2010.4175,2187.5
E21,8.0,2050.2112500000003,175.85201379386348,1662.5,1986.67,2114.17,2179.17,2179.17
