Cod_Dep,count,mean,std,min,25%,50%,75%,max
A00,5.0,2723.332,726.1562580602056,1950.0,1950.0,3100.0,3100.0,3516.66
B01,1.0,2750.0,,2750.0,2750.0,2750.0,2750.0,2750.0
C01,4.0,1981.495,405.86255748303097,1586.66,1817.66,1894.66,2058.495,2550.0
D11,11.0,1676.489090909091,293.5763357443697,1218.0,1453.0,1645.34,1919.34,2150.0
D21,7.0,1711.24,436.7154852609038,1150.0,1378.66,1825.34,1917.34,2411.34
E01,1.0,2678.34,,2678.34,2678.34,2678.34,2678.34,2678.34
E11,6.0,1304.3333333333333,349.4608317203327,1022.66,1060.0,1121.67,1608.335,1750.0
E21,8.0,1640.1725000000001,140.68287089864816,1330.0,1589.34,1691.34,1743.34,1743.34
